Численность размещенных лиц в коллективных средствах размещения (человек);;;;;;;;;;;;;;;;;;;;;;;;;;;;;;;;;;;;;;;;;;;;;;;;;;;;;;;;;;;;;;;;;;;;;
;;;;;;;;;;;;;;;;;;;;;;;;;;;;;;;;;;;;;;;;;;;;;;;;;;;;;;;;;;;;;;;;;;;;;
;2002;2003;2004;2005;2006;2007;2008;2009;2010;2011;;;;;2012;;;;;2013;;;;;2014;;;;;2015;;;;;2016;;;;;2017;;;;;2018;;;;;2019;;;;;2020;;;;;2021;;;;;2022;;;;
;значение показателя за год;значение показателя за год;значение показателя за год;значение показателя за год;значение показателя за год;значение показателя за год;значение показателя за год;значение показателя за год;значение показателя за год;январь-март;январь-июнь;январь-сентябрь;январь-декабрь;значение показателя за год;январь-март;январь-июнь;январь-сентябрь;январь-декабрь;значение показателя за год;январь-март;январь-июнь;январь-сентябрь;январь-декабрь;значение показателя за год;январь-март;январь-июнь;январь-сентябрь;январь-декабрь;значение показателя за год;январь-март;январь-июнь;январь-сентябрь;январь-декабрь;значение показателя за год;январь-март;январь-июнь;январь-сентябрь;январь-декабрь;значение показателя за год;январь-март;январь-июнь;январь-сентябрь;январь-декабрь;значение показателя за год;январь-март;январь-июнь;январь-сентябрь;январь-декабрь;значение показателя за год;январь-март;январь-июнь;январь-сентябрь;январь-декабрь;значение показателя за год;январь-март;январь-июнь;январь-сентябрь;январь-декабрь;значение показателя за год;январь-март;январь-июнь;январь-сентябрь;январь-декабрь;значение показателя за год;январь-март;январь-июнь;январь-сентябрь;январь-декабрь;значение показателя за год
Российская Федерация;25 563 250;25 266 434;26 454 646;28 410 888;30 246 531;32 635 878;35 439 305;31 690 343;34 746 498;4 811 061;10 216 112;17 285 787;23 311 483;37 399 454;5 003 850;11 079 345;18 348 648;24 416 873;41 065 067;5 242 586;11 711 097;19 335 093;25 365 955;42 635 163;5 410 496;11 704 205;19 032 242;25 969 255;44 218 887;5 546 680;12 143 102;20 452 076;26 961 010;49 284 209;9 674 143;21 606 520;37 234 820;49 290 700;54 430 931;9 772 239;23 722 285;42 830 353;55 673 196;61 563 204;10 871 992;27 637 145;48 871 696;67 105 968;71 538 081;12 996 221;30 307 896;54 200 949;70 557 497;76 041 739;12 714 906;14 809 789;30 519 815;41 806 682;47 382 458;11 128 434;26 348 451;47 119 320;61 376 161;66 539 770;12 900 263;30 890 123;54 726 057;71 384 627;73 093 024
    Центральный федеральный округ;8 248 600;8 001 238;8 288 964;8 451 986;9 095 550;9 489 338;9 855 736;8 678 782;9 981 621;1 797 060;3 826 834;6 035 909;8 325 021;10 970 799;1 939 082;4 139 007;6 411 382;8 906 892;11 923 727;2 023 298;4 211 043;6 969 921;9 469 683;12 509 217;2 009 740;4 287 413;6 644 615;9 412 003;12 784 228;2 097 727;4 325 049;6 827 028;9 331 665;14 539 586;3 021 567;6 592 805;10 858 342;14 722 258;18 291 471;3 171 938;8 770 299;14 922 103;19 048 553;20 704 806;3 798 254;9 550 558;15 806 878;23 783 892;25 378 072;4 757 717;10 304 142;16 936 747;22 789 055;27 092 574;4 487 111;5 290 322;9 142 339;12 636 313;14 829 510;4 109 817;9 007 675;14 806 888;20 112 106;20 152 926;4 400 291;9 790 116;16 000 529;21 139 223;21 370 428
        Белгородская область;176 325;157 419;167 985;174 701;201 261;208 231;209 964;169 933;204 734;28 109;60 172;95 470;126 151;183 072;27 166;54 201;87 435;117 136;196 080;28 416;61 464;96 618;121 463;190 101;28 182;59 164;88 007;112 308;210 939;21 921;47 369;74 935;97 753;162 937;39 862;79 528;138 745;174 001;254 857;34 968;89 787;152 476;193 013;294 918;61 846;149 420;248 447;302 048;323 496;59 776;150 378;245 664;305 595;337 249;66 396;71 242;129 206;162 946;216 343;41 212;93 106;172 515;201 577;322 299;55 890;128 472;238 339;301 180;298 510
        Брянская область;120 134;115 571;109 578;114 365;109 713;103 602;157 408;116 972;136 878;22 073;43 830;77 856;96 619;120 358;18 032;39 497;74 817;110 983;141 311;18 092;39 988;60 221;83 560;133 963;17 684;45 864;65 743;79 892;133 742;13 277;29 735;43 669;57 657;153 439;14 123;53 765;81 809;152 759;182 046;38 340;93 885;153 568;201 760;210 727;44 966;72 043;121 696;190 669;235 729;37 122;103 728;204 221;260 273;234 468;32 076;34 102;84 868;115 318;141 878;35 122;102 419;185 277;221 708;209 330;28 521;91 562;174 595;219 050;230 566
        Владимирская область;307 893;298 536;300 356;311 211;444 366;475 607;605 506;376 060;491 171;29 459;65 094;114 693;148 814;518 574;28 730;68 958;130 280;175 953;549 831;20 683;44 465;89 868;120 488;516 469;40 137;82 816;122 872;148 926;503 802;33 092;61 032;96 091;120 577;623 747;77 922;222 717;407 836;561 095;665 913;136 002;373 591;571 796;639 640;645 797;137 597;318 899;567 351;675 736;645 772;137 721;311 576;588 269;641 046;703 667;128 296;170 054;246 285;287 410;365 885;124 869;286 261;386 885;473 345;598 668;122 775;311 085;511 584;656 711;672 070
        Воронежская область;211 995;210 605;185 396;211 864;265 637;236 067;245 224;256 712;234 393;21 696;56 157;113 545;161 848;278 781;42 089;118 945;136 660;180 107;378 087;24 298;82 666;138 076;191 310;336 679;31 620;88 829;141 443;190 649;383 473;40 487;84 589;139 329;194 768;523 350;77 437;175 625;268 001;414 494;601 484;94 231;201 025;361 854;469 970;656 814;127 762;196 955;349 701;669 083;676 736;155 280;293 288;462 772;658 885;709 286;151 889;166 530;274 948;338 401;501 151;130 223;262 297;426 206;516 652;780 996;115 897;308 013;584 207;764 923;823 249
        Ивановская область;132 794;132 550;142 518;145 429;147 125;157 808;192 399;138 932;174 380;38 705;78 209;125 712;164 240;199 430;22 649;51 484;81 288;106 148;227 106;29 786;62 217;96 480;128 747;199 450;34 914;77 304;118 673;152 082;230 016;31 518;62 307;98 946;129 500;228 845;62 401;130 479;201 169;256 779;226 434;52 123;124 566;205 620;272 307;249 942;55 258;115 669;192 012;269 422;248 944;53 680;103 919;167 285;237 115;263 357;63 878;66 304;122 572;158 348;142 205;53 851;115 204;178 425;238 144;221 032;54 780;147 637;235 712;303 009;294 155
        Калужская область;153 693;132 752;121 499;165 647;183 089;275 807;244 802;246 133;282 867;23 203;45 509;72 260;101 333;331 627;28 960;58 918;88 968;115 510;372 726;34 711;73 675;116 643;156 660;421 752;36 784;133 287;200 228;264 744;462 940;45 882;89 986;127 992;158 461;520 036;91 830;210 493;322 907;435 536;452 147;88 270;194 862;299 079;411 081;525 171;100 807;235 220;413 297;555 073;638 756;121 022;258 350;399 215;521 399;602 239;101 665;112 217;160 746;206 032;414 674;72 763;189 181;312 204;416 653;550 363;114 008;243 680;385 962;515 849;532 524
        Костромская область;124 547;132 924;161 046;191 732;210 791;217 572;247 754;159 980;201 539;10 675;28 416;45 573;65 432;189 975;12 367;26 951;43 093;56 126;226 389;12 456;25 686;41 301;55 226;194 851;13 410;31 402;46 914;62 241;182 490;12 166;26 629;41 862;54 560;151 560;43 165;74 514;111 997;144 910;245 190;54 012;142 495;181 692;249 405;272 037;47 974;109 607;183 141;250 718;292 444;61 943;134 468;265 031;348 672;300 566;50 965;53 987;132 831;169 770;271 673;54 036;114 389;196 181;240 903;327 786;59 335;168 524;303 898;385 552;349 493
        Курская область;128 378;113 118;121 028;123 848;121 647;139 060;193 537;126 939;143 016;17 882;40 804;63 787;88 113;123 154;16 008;38 938;61 561;84 524;165 910;21 849;46 731;73 328;98 919;152 960;23 404;40 159;64 636;86 806;157 515;17 505;37 026;57 218;75 116;201 535;91 154;139 820;191 036;256 965;200 619;47 994;137 683;223 134;298 428;199 779;45 350;113 959;234 257;259 304;194 974;39 151;99 582;173 795;217 469;211 152;31 140;35 619;68 992;105 308;138 625;31 392;71 177;117 148;163 158;197 002;47 106;107 338;179 017;247 529;186 117
        Липецкая область;116 803;120 617;126 953;131 455;149 065;145 567;174 373;127 598;149 192;15 597;35 330;61 850;82 939;141 386;12 390;29 095;50 117;64 103;157 403;11 967;28 552;48 587;62 107;151 075;11 401;26 912;47 407;68 250;153 880;15 790;46 837;76 185;102 431;161 440;11 115;35 085;68 172;86 473;195 518;21 970;69 780;130 585;171 187;215 605;32 464;94 580;187 613;234 723;248 913;45 467;118 259;205 125;252 674;283 409;40 237;50 976;129 095;174 864;213 258;38 836;97 408;217 163;269 950;265 090;54 410;120 523;231 188;287 218;275 465
        Московская область;1 850 895;1 902 444;1 874 703;1 843 388;1 948 746;1 946 244;1 840 885;1 857 880;2 136 074;403 407;778 489;1 239 934;1 727 927;2 336 350;453 340;896 610;1 263 505;1 826 789;2 508 162;516 416;986 704;1 750 135;2 432 264;2 898 744;505 933;999 013;1 550 072;2 087 229;2 708 176;488 917;913 167;1 468 548;2 033 879;3 895 238;685 356;1 556 165;2 600 263;3 639 093;3 489 234;785 708;1 660 690;2 814 608;3 452 049;3 477 501;716 659;1 546 576;2 394 878;3 814 780;4 285 941;1 007 353;1 876 636;3 236 381;4 773 124;5 024 703;1 053 231;1 287 036;2 224 467;3 037 870;3 017 204;874 205;1 982 236;2 961 645;3 880 253;4 546 118;907 519;2 172 643;3 631 495;4 849 707;5 021 128
        Орловская область;103 061;116 040;119 285;126 643;123 727;100 381;127 717;106 409;102 509;15 505;34 017;52 032;71 549;107 350;16 760;36 324;54 437;75 651;124 181;17 000;38 557;61 473;88 984;129 230;21 179;40 751;61 499;85 939;128 907;17 108;35 901;53 316;72 520;111 297;23 714;51 221;80 226;110 525;111 286;26 461;52 756;78 038;105 130;115 743;25 208;57 014;87 089;119 948;128 781;28 898;64 639;96 122;127 111;130 079;25 056;27 825;45 004;66 654;87 838;22 605;53 952;87 348;112 959;119 653;26 096;62 816;101 909;134 161;151 959
        Рязанская область;111 047;96 419;109 663;110 032;140 898;156 646;212 048;212 983;241 267;17 297;33 971;53 096;71 064;250 283;17 732;33 363;49 773;64 235;266 818;20 922;41 947;67 634;84 920;262 328;14 073;27 530;45 116;59 414;273 629;13 232;26 233;47 655;60 606;262 665;64 376;137 880;217 821;281 239;349 784;63 468;141 186;249 223;326 634;410 131;85 324;173 091;291 382;402 155;363 520;112 968;225 144;352 348;440 175;400 170;87 051;102 526;170 026;243 451;321 490;70 639;162 771;266 261;340 877;427 394;105 355;209 421;338 772;455 967;517 089
        Смоленская область;182 970;156 912;157 214;168 309;164 878;187 470;212 298;177 527;218 310;23 462;46 957;73 385;108 664;237 000;19 411;35 508;61 778;81 711;197 724;15 607;32 942;51 047;70 901;194 181;8 508;23 104;37 458;53 321;208 751;11 049;27 547;45 211;59 984;186 548;41 648;86 844;123 537;160 130;214 360;21 606;70 805;114 443;170 295;224 621;64 009;125 220;187 689;273 281;230 507;53 663;103 464;169 545;228 714;242 197;49 631;51 614;77 605;120 569;147 501;54 222;108 384;165 980;219 427;201 653;48 509;108 843;173 154;233 421;255 294
        Тамбовская область;67 559;79 969;84 034;95 342;81 918;81 522;106 643;94 801;109 209;7 263;16 904;29 510;38 989;113 985;8 116;18 398;30 812;46 637;153 126;12 505;22 642;39 987;53 540;161 792;10 103;20 860;34 512;49 480;198 201;8 036;18 913;29 640;38 738;171 596;22 805;70 730;119 791;156 483;141 718;16 314;58 998;99 671;143 766;174 028;27 602;61 148;113 982;146 405;198 540;35 274;81 904;138 549;179 555;185 619;39 502;42 984;65 047;98 133;124 587;32 096;79 533;138 362;177 790;182 430;36 137;89 195;162 408;209 483;214 738
        Тверская область;309 877;318 948;317 154;339 371;382 193;411 601;485 992;450 314;421 500;35 195;81 470;124 319;165 701;394 832;47 027;84 642;139 257;182 226;365 880;37 196;76 768;131 704;173 594;437 967;36 173;83 002;140 181;169 717;425 291;34 932;85 345;161 038;204 833;366 045;117 144;211 034;349 072;435 282;426 121;79 893;238 106;384 213;475 139;532 888;77 808;177 072;311 420;398 995;553 788;121 417;291 949;492 726;629 664;578 269;99 708;109 556;306 872;382 142;492 028;96 986;241 836;429 465;612 416;666 632;124 567;335 338;598 659;728 306;707 088
        Тульская область;211 837;200 431;201 802;193 838;215 008;244 138;258 067;204 222;208 945;16 646;64 776;62 920;81 807;218 785;14 007;35 558;61 850;86 811;213 976;16 381;38 966;68 830;92 656;249 184;16 362;43 725;73 809;99 841;306 128;19 985;44 601;74 798;96 153;266 590;54 358;128 446;202 840;274 697;307 948;64 610;143 522;247 116;428 307;351 245;79 391;182 471;299 961;408 502;414 299;91 056;183 887;345 525;472 160;475 029;65 607;69 035;149 530;198 220;306 324;59 212;178 692;299 277;377 939;413 685;74 801;192 588;331 054;431 421;506 610
        Ярославская область;224 056;217 756;268 403;323 345;357 274;399 527;438 873;387 990;363 770;81 983;129 824;200 339;261 297;457 384;66 006;142 766;224 017;286 300;449 854;60 813;119 114;193 044;255 861;486 242;60 793;127 542;195 812;256 310;497 562;67 731;129 421;204 091;307 294;682 829;188 227;376 196;613 302;810 563;666 383;161 941;219 031;504 037;667 389;745 521;185 715;379 877;641 096;854 873;780 516;198 873;441 047;813 293;1 041 471;861 432;153 577;158 801;435 788;588 637;596 644;180 476;412 551;675 799;878 052;846 574;198 628;419 712;675 107;840 565;824 089
        Город Москва столица Российской Федерации город федерального значения;3 714 736;3 498 227;3 720 347;3 681 466;3 848 214;4 002 488;3 902 246;3 467 397;4 161 867;988 903;2 186 905;3 429 628;4 762 534;4 768 473;1 088 292;2 368 851;3 771 734;5 245 942;5 229 163;1 124 200;2 387 959;3 844 945;5 198 483;5 392 249;1 099 080;2 336 149;3 610 233;5 384 854;5 618 786;1 205 099;2 558 411;3 986 504;5 466 835;5 869 889;1 314 930;2 852 263;4 759 818;6 371 234;9 560 429;1 384 027;4 757 531;8 150 950;10 373 053;11 402 338;1 882 514;5 441 737;8 981 866;13 958 177;14 916 416;2 397 053;5 461 924;8 580 881;11 453 953;15 549 683;2 247 206;2 679 914;4 318 457;6 182 240;7 330 202;2 137 072;4 456 278;7 590 747;10 770 303;9 276 221;2 225 957;4 572 726;7 143 469;9 575 171;9 510 284
    Северо-Западный федеральный округ;3 457 373;3 457 883;3 654 368;4 115 682;4 424 936;4 882 246;5 583 387;4 934 078;5 112 854;686 239;1 679 996;2 817 253;3 757 752;5 683 387;743 792;1 765 175;2 922 611;3 714 062;5 785 582;709 968;1 785 052;3 041 127;3 981 439;5 980 089;740 330;1 709 823;2 922 959;3 853 841;6 135 329;777 691;1 807 452;2 975 409;3 849 575;6 740 173;1 356 849;3 140 272;5 279 610;6 763 091;7 151 884;1 233 193;3 258 843;5 630 615;7 276 982;8 889 083;1 473 313;4 163 666;7 306 607;9 560 432;10 149 720;2 041 514;4 875 568;8 435 738;11 364 364;10 585 059;1 820 802;2 101 071;4 064 693;5 639 130;6 357 675;1 308 100;3 148 410;5 043 865;6 598 464;9 142 324;1 930 384;4 712 676;8 089 200;10 358 502;10 001 542
        Республика Карелия;209 678;194 683;187 025;181 854;239 782;262 780;292 298;310 200;299 678;20 030;57 103;101 205;131 352;338 101;16 511;39 299;71 008;91 663;335 536;17 123;35 460;72 914;93 158;372 022;18 480;47 127;81 822;103 107;377 116;23 330;46 668;81 345;100 908;411 624;97 942;199 323;338 192;449 007;420 200;99 315;207 101;327 411;397 259;414 589;103 647;229 562;365 027;432 950;461 451;107 331;234 906;387 226;469 684;482 817;115 233;121 213;300 721;373 902;388 054;96 880;225 283;379 324;484 187;565 486;117 930;256 648;479 717;573 211;600 127
        Республика Коми;162 401;149 603;153 444;156 868;176 298;192 568;193 276;175 901;204 185;28 279;50 348;74 456;105 132;173 294;33 588;68 203;97 713;138 470;225 879;30 777;61 016;92 093;125 526;221 866;26 491;47 867;96 227;108 421;199 858;24 485;51 255;75 183;101 076;272 178;34 863;95 641;153 938;226 897;212 520;41 548;83 135;125 810;186 251;198 436;68 133;117 209;194 829;266 304;210 755;51 410;97 842;134 961;196 746;233 373;61 587;80 527;124 727;177 760;143 713;39 046;78 028;117 567;159 331;193 762;54 572;100 069;156 231;220 718;187 306
        Архангельская область;204 526;209 248;231 032;244 896;284 046;291 304;386 513;259 439;290 518;43 552;95 403;144 487;203 215;303 281;54 267;104 456;157 021;211 844;296 552;48 927;93 606;152 398;204 557;281 582;48 092;94 091;144 984;195 958;286 300;43 167;87 805;133 354;175 888;352 793;76 102;142 204;216 461;295 221;282 116;52 002;112 526;176 729;242 891;272 148;70 040;137 445;203 978;273 404;309 576;77 423;152 537;281 438;371 640;359 794;77 628;88 113;149 687;242 683;204 529;61 294;138 739;216 806;282 139;340 256;68 784;148 207;231 807;306 571;361 800
            Ненецкий автономный округ (Архангельская область);4 160;4 788;4 871;6 474;20 205;25 744;33 722;25 056;20 120;2 759;5 041;8 142;10 745;17 358;1 980;4 288;6 678;8 940;15 409;1 179;3 226;5 356;6 488;18 243;1 133;3 571;4 570;5 633;17 504;927;1 625;2 369;3 072;20 993;2 855;7 070;11 249;15 508;12 669;1 987;5 294;8 856;12 934;7 636;1 884;3 769;3 869;7 200;8 936;2 630;4 806;7 594;10 995;13 018;2 929;3 218;5 930;11 819;8 331;2 653;5 246;7 817;10 416;11 722;4 452;8 864;13 346;17 781;13 586
            Архангельская область (без АО);;;;;;;;;;;;;;;;;;;;;;;;;;;;;;;;;;;;;;;;50 015;107 233;167 873;229 957;264 512;68 156;133 676;200 024;266 204;;;;;;;;;;;;;;;;;;;;;
            Архангельская область (кроме Ненецкого автономного округа);;;;;;;;;;;;;;;;;;;281 143;;;;;263 339;;;;;268 796;42 240;86 180;130 985;172 816;331 800;73 247;135 134;205 212;279 712;269 447;50 015;107 233;167 873;229 957;264 512;68 156;133 676;200 024;266 204;300 640;74 793;147 731;273 844;360 645;346 776;68 019;78 215;143 757;230 864;196 198;58 641;133 493;208 989;271 723;328 534;64 332;139 343;218 461;288 790;348 214
        Вологодская область;281 993;295 169;321 580;316 240;313 832;324 294;367 025;329 092;331 281;62 943;115 942;179 264;232 486;343 186;61 767;105 355;156 357;190 325;339 905;51 593;103 373;156 540;204 191;353 684;41 348;71 836;103 790;168 418;318 026;22 856;48 143;66 657;88 668;412 277;150 839;230 657;316 955;434 854;382 068;125 901;235 237;330 253;381 645;455 275;140 519;281 285;427 869;488 805;502 319;144 047;286 115;428 168;510 069;477 128;130 318;138 110;258 398;343 757;282 159;113 900;221 909;320 428;410 671;371 873;68 150;213 499;361 522;491 070;464 801
        Калининградская область;171 326;165 959;171 540;179 199;198 192;207 280;299 377;241 849;169 993;16 803;44 669;75 002;98 926;210 473;17 996;46 357;81 655;106 704;307 468;20 232;51 173;94 060;124 488;336 871;22 967;65 665;110 730;155 797;464 956;47 328;105 329;164 664;219 184;535 094;174 798;273 632;531 719;595 051;520 291;81 628;344 439;673 615;737 644;549 248;99 070;396 669;684 544;763 000;627 573;104 780;249 828;471 634;610 848;655 502;97 581;104 111;306 109;448 021;528 203;127 947;407 417;702 132;878 925;832 948;143 712;374 467;615 288;747 061;770 643
        Ленинградская область;208 814;188 463;278 877;352 918;335 257;374 051;452 162;478 152;571 169;43 115;110 727;181 167;234 291;710 440;47 641;96 800;176 981;229 773;629 400;47 037;93 954;155 425;193 921;549 229;43 209;87 784;154 702;189 710;667 675;48 200;94 151;149 333;186 001;635 348;129 723;326 602;498 016;644 982;639 689;134 652;270 847;485 840;690 241;739 088;125 791;305 583;553 563;837 686;1 064 069;249 260;480 509;851 062;1 138 383;1 170 825;270 820;372 335;664 733;890 497;965 662;154 191;332 697;596 698;825 482;1 249 649;337 641;829 198;1 510 164;1 954 933;1 291 933
        Мурманская область;241 465;210 412;204 322;272 015;220 324;235 097;251 781;221 175;235 725;35 939;75 418;107 746;152 304;197 789;43 966;87 825;115 009;156 720;200 761;35 861;71 192;108 273;151 474;216 184;32 928;68 950;103 254;147 458;214 516;35 150;67 348;98 594;134 455;216 444;65 456;130 356;204 487;277 874;240 127;64 943;116 717;209 410;288 990;302 185;68 260;131 300;194 819;260 386;300 004;95 725;170 932;261 338;347 710;319 580;80 731;94 375;141 395;197 514;257 260;75 640;139 645;188 836;248 747;357 490;101 709;191 016;287 858;372 363;359 662
        Новгородская область;217 024;226 026;228 508;241 042;278 291;255 687;282 274;290 881;292 919;42 496;107 040;187 981;262 937;320 885;46 586;108 862;204 001;267 027;286 163;46 121;119 390;210 804;264 792;299 809;50 199;123 965;209 067;285 346;316 747;55 860;130 967;228 278;294 459;363 055;76 868;201 310;356 893;453 248;335 453;73 371;185 851;325 607;491 424;338 768;76 046;182 911;306 015;395 377;341 297;46 592;110 917;194 325;327 026;354 106;47 001;49 520;106 720;140 563;250 362;46 704;114 630;185 794;230 691;327 821;66 021;171 328;284 275;334 614;396 966
        Псковская область;200 386;216 786;201 683;205 761;234 443;273 839;283 918;278 222;304 044;30 987;81 524;140 369;187 525;317 081;34 650;86 152;149 384;189 087;324 557;26 658;70 450;121 491;159 950;315 908;26 384;67 688;112 449;143 632;302 326;22 757;48 295;84 176;107 824;371 567;61 198;145 410;254 623;344 931;343 788;76 213;176 763;286 987;361 248;374 629;82 673;203 040;330 417;415 512;371 802;83 593;205 130;338 797;438 092;426 949;83 094;98 235;196 867;256 911;256 953;72 278;165 812;255 465;319 621;368 779;69 291;165 851;289 844;371 661;466 090
        Город Санкт-Петербург город федерального значения;1 559 760;1 601 534;1 676 357;1 964 889;2 144 471;2 465 346;2 774 763;2 349 167;2 413 342;362 095;941 822;1 625 576;2 149 584;2 768 857;386 820;1 021 866;1 713 482;2 132 449;2 839 361;385 639;1 085 438;1 877 129;2 459 382;3 032 934;430 232;1 034 850;1 805 934;2 355 994;2 987 809;454 558;1 127 491;1 893 825;2 441 112;3 169 793;489 060;1 395 137;2 408 326;3 041 026;3 775 632;483 620;1 526 227;2 688 953;3 499 389;5 244 717;639 134;2 178 662;4 045 546;5 427 008;5 960 874;1 081 353;2 886 852;5 086 789;6 954 166;6 104 985;856 809;954 532;1 815 336;2 567 522;3 080 780;520 220;1 324 250;2 080 815;2 758 670;4 534 260;902 574;2 262 393;3 872 494;4 986 300;5 102 214
    Южный федеральный округ (по 2009 год);4 051 315;4 140 860;4 207 610;4 594 230;4 702 230;5 014 252;5 048 006;4 820 176;;;;;;;;;;;;;;;;;;;;;;;;;;;;;;;;;;;;;;;;;;;;;;;;;;;;;;;;;;;;;
    Южный федеральный округ (с 2010 года);;;;;;;;;4 012 048;313 586;866 064;1 791 115;2 258 175;4 137 645;336 368;910 103;1 805 213;2 292 587;4 633 547;338 683;866 886;1 740 306;2 109 062;4 784 777;618 581;1 401 493;2 369 309;3 268 982;5 926 674;603 205;1 583 146;3 012 994;3 818 575;7 286 208;1 009 033;2 644 607;;;;;;;;;;;;;;;;;;;;;;;;;;;;;;;;;
    Южный федеральный округ (с 29.07.2016);;;;;;;;;;;;;;;;;;;;;;;;;;;;;;;;;;;1 110 761;3 196 185;6 712 481;8 471 842;9 529 509;1 241 481;3 166 352;7 592 929;9 816 105;10 507 549;1 278 237;3 900 787;8 713 066;10 978 729;12 678 124;1 430 900;4 514 472;10 771 108;12 576 299;13 352 607;1 852 914;2 112 972;7 283 061;9 953 569;10 060 999;1 756 929;5 140 514;11 677 003;14 555 244;13 197 371;1 825 755;5 264 984;11 180 114;14 210 763;14 566 339
        Республика Адыгея (Адыгея);42 722;36 247;40 434;42 418;32 766;32 566;37 673;43 743;59 999;1 356;2 957;4 150;5 220;39 191;1 886;4 386;8 195;10 480;81 137;1 721;3 104;6 184;8 368;78 057;1 126;2 320;3 468;5 947;80 215;1 222;2 572;3 995;5 030;82 159;78 179;79 576;81 053;82 456;92 358;78 767;79 853;81 257;90 665;108 356;23 981;54 178;81 267;108 822;115 987;25 429;56 462;95 266;131 139;144 066;26 012;26 540;65 282;85 495;111 616;22 491;54 020;68 404;139 383;208 672;29 509;71 081;125 330;194 481;179 969
        Республика Калмыкия;7 026;6 262;8 020;14 209;18 340;13 007;43 784;15 646;20 431;1 617;3 757;5 400;6 691;33 878;1 075;2 962;5 258;6 881;31 201;1 231;3 043;5 096;8 331;41 877;1 444;3 946;5 005;7 502;34 920;806;2 637;3 899;5 223;39 829;2 477;7 246;10 152;27 996;31 655;7 947;14 871;24 239;32 440;34 891;8 725;17 970;28 844;34 962;39 524;8 942;19 540;29 247;43 713;44 570;3 670;4 197;5 420;8 646;26 195;3 660;15 161;22 954;37 428;41 795;4 362;20 817;43 334;54 050;53 619
        Республика Крым;;;;;;;;;;;;;;;;;;;;;;;;;;;;;489 465;60 664;249 246;808 967;913 378;1 626 224;95 437;518 856;1 174 427;1 338 842;1 700 414;99 068;432 882;1 106 250;1 722 818;1 591 251;124 566;481 598;1 344 314;1 958 590;2 083 441;159 843;584 392;1 998 278;2 175 665;2 379 554;246 639;277 770;1 604 547;2 084 029;1 941 623;288 334;869 974;1 996 567;2 600 384;2 479 712;189 293;597 850;1 219 878;1 541 305;1 860 273
        Краснодарский край;2 232 015;2 408 669;2 401 294;2 644 698;2 634 221;2 801 131;2 815 253;2 496 120;2 725 577;224 286;642 610;1 401 189;1 762 867;2 783 340;232 503;664 300;1 399 019;1 755 941;3 072 857;242 079;649 497;1 375 594;1 638 865;3 226 616;541 345;1 205 506;2 027 899;2 829 358;4 418 971;520 748;1 400 793;2 690 162;3 385 415;5 560 263;723 576;1 912 525;4 168 193;5 445 649;5 806 246;836 557;1 843 335;4 949 071;6 089 703;6 622 783;886 562;2 370 108;5 581 403;6 717 119;8 051 025;987 247;3 015 199;6 976 251;8 173 968;8 298 619;1 080 738;1 271 346;4 459 005;6 325 549;6 298 412;1 200 390;3 408 034;8 020 122;9 980 449;8 073 926;1 387 993;3 818 158;8 107 200;10 022 521;9 706 606
        Астраханская область;106 328;110 713;122 243;101 481;100 467;120 323;147 143;153 977;157 640;20 458;50 218;80 928;106 028;161 507;19 558;45 693;75 204;103 116;191 499;24 640;53 032;83 248;108 644;205 283;19 321;51 011;90 138;118 596;193 938;26 684;46 021;77 225;116 835;207 980;48 383;116 745;200 940;260 293;263 938;30 655;87 874;138 720;223 306;268 238;34 441;127 212;227 659;291 812;238 389;35 581;122 140;196 459;235 085;261 101;31 307;38 235;107 240;157 744;201 250;34 755;129 777;207 159;246 578;300 264;33 401;127 238;235 604;323 640;318 255
        Волгоградская область;370 543;337 540;345 991;347 702;372 215;361 630;326 620;380 634;398 331;30 077;70 807;120 198;157 203;424 250;28 997;76 964;125 452;170 937;476 922;30 484;67 032;113 312;147 943;441 387;23 496;58 291;100 790;130 624;412 588;23 128;59 613;103 987;141 387;512 971;55 922;144 020;311 490;408 387;582 862;72 421;235 593;420 169;596 046;616 792;77 490;301 230;519 743;649 329;720 005;98 838;267 263;509 509;650 933;707 476;93 093;108 069;269 966;372 459;489 039;82 163;256 572;460 018;547 354;729 540;83 304;299 275;548 675;662 062;814 529
        Ростовская область;436 498;441 302;466 154;569 616;571 796;664 776;636 052;644 091;650 070;35 792;95 715;179 250;220 166;695 479;52 349;115 798;192 085;245 232;779 931;38 528;91 178;156 872;196 911;791 557;31 849;80 419;142 009;176 955;786 042;30 617;71 510;133 726;164 685;883 006;100 496;386 133;714 548;835 042;925 229;105 013;440 770;760 455;934 040;1 085 962;116 865;518 863;852 939;1 107 169;1 262 015;102 215;391 322;788 594;963 892;1 277 290;357 277;367 570;645 828;785 387;838 082;114 589;343 009;728 142;812 133;1 145 858;85 677;291 733;724 011;1 147 015;1 451 318
        Город федерального значения Севастополь;;;;;;;;;;;;;;;;;;;;;;;;;;;;;32 550;4 653;16 529;36 872;41 486;300 746;6 291;31 084;51 678;73 177;126 807;11 053;31 174;112 768;127 087;179 276;5 607;29 628;76 897;110 926;167 738;12 805;58 154;177 504;201 904;239 931;14 178;19 245;125 773;134 260;154 782;10 547;63 967;173 637;191 535;217 604;12 216;38 832;176 082;265 689;181 770
    Северо-Кавказский федеральный округ;;;;;;;;;1 189 482;137 470;332 586;559 221;759 209;1 199 623;151 665;344 971;570 685;756 695;1 366 420;137 166;335 841;564 114;751 260;1 374 813;139 375;325 229;569 956;748 122;1 388 484;164 792;354 844;583 388;762 869;1 370 267;296 538;605 031;967 410;1 359 636;1 418 286;289 930;629 799;1 036 656;1 397 954;1 449 483;272 972;639 759;1 111 321;1 493 628;1 650 296;317 169;775 105;1 387 887;1 768 737;1 753 362;302 302;313 921;685 852;1 052 905;1 182 984;272 297;684 345;1 102 007;1 464 614;1 882 677;358 175;921 221;1 693 322;2 415 307;2 363 988
        Республика Дагестан;60 575;49 288;44 937;42 007;47 886;57 215;77 106;94 624;98 834;6 018;14 012;19 784;27 229;97 812;6 020;14 382;24 598;30 795;148 226;8 392;19 770;28 837;40 761;144 674;5 650;11 256;19 422;27 294;124 812;6 851;14 012;25 157;29 577;136 922;16 702;34 788;55 486;82 583;139 384;11 491;29 741;68 146;102 585;115 988;12 418;29 644;72 860;98 550;187 353;15 334;58 840;212 805;226 208;168 383;9 583;10 054;21 096;38 403;123 007;8 862;39 882;71 711;82 018;142 786;25 856;72 835;201 709;330 583;248 237
        Республика Ингушетия;781;1 189;1 227;2 479;1 330;2 106;4 793;3 277;3 634;411;411;2 569;4 294;4 174;614;2 476;4 018;5 112;5 305;917;2 255;3 974;5 079;5 845;668;1 855;3 894;4 455;8 584;260;;;;4 046;833;1 258;2 343;3 119;3 119;754;1 632;3 048;5 815;8 315;1 812;3 731;7 072;11 152;11 205;1 936;4 258;6 640;8 816;8 816;1 891;1 891;4 570;12 786;13 108;4 533;10 752;18 766;23 052;23 052;3 578;11 307;21 052;27 910;28 246
        Кабардино-Балкарская Республика;104 563;98 260;110 561;110 491;110 586;134 166;117 790;154 379;127 465;14 336;33 259;60 585;78 937;128 091;12 926;32 670;60 378;74 759;174 841;11 089;31 168;55 643;73 919;150 198;13 471;30 448;77 471;78 444;151 727;13 681;29 163;51 905;69 605;105 460;31 621;58 065;103 281;128 869;107 397;31 092;60 008;77 134;93 613;122 772;24 531;54 206;81 004;122 878;126 680;22 637;63 783;96 924;130 952;162 201;18 695;19 583;35 776;47 205;93 033;16 888;58 581;106 572;148 909;167 868;27 910;71 980;126 619;186 264;204 707
        Карачаево-Черкесская Республика;44 019;47 438;45 547;47 216;58 751;56 822;80 886;84 925;144 007;2 269;4 864;9 164;11 593;123 372;2 982;6 268;12 309;15 528;144 738;2 425;7 757;15 105;17 925;157 929;2 348;5 465;12 439;18 157;159 378;8 616;13 908;20 523;25 121;192 993;46 476;73 886;113 309;158 357;115 424;50 896;72 739;107 503;154 478;99 883;34 901;57 437;101 049;123 072;103 176;35 884;66 556;102 659;123 531;105 178;34 428;34 528;43 303;71 349;89 509;27 903;51 390;76 799;111 886;152 025;41 636;64 967;96 902;150 440;220 219
        Республика Северная Осетия-Алания;71 364;58 925;52 118;58 261;65 752;45 031;50 704;48 389;40 982;6 827;16 592;29 788;38 259;47 574;7 061;18 679;31 123;40 835;58 298;8 457;16 147;23 960;29 001;72 200;3 794;11 305;19 948;25 484;64 538;3 320;8 850;18 147;24 288;49 422;9 088;18 310;23 325;26 823;42 693;9 562;19 353;29 003;36 477;52 878;7 448;20 093;33 381;47 217;69 981;14 304;33 154;63 335;78 233;86 396;11 243;11 695;28 497;43 613;90 743;11 587;33 273;64 437;82 567;176 688;25 957;73 280;152 713;209 895;220 146
        Чеченская Республика;0;0;0;0;211;307;1 126;1 544;987;262;861;1 349;1 480;1 480;159;237;521;695;695;335;9 595;17 708;22 464;25 519;3 581;9 482;16 134;20 706;34 202;4 625;11 888;14 861;18 460;32 650;3 703;8 841;13 378;17 855;33 114;3 891;8 643;14 519;33 631;49 062;10 266;21 743;42 109;57 831;71 414;12 482;48 685;64 074;80 228;98 236;20 674;20 721;52 139;104 334;112 455;20 220;52 125;99 533;142 163;137 524;20 481;52 539;132 588;146 384;179 515
        Ставропольский край;574 881;545 027;569 084;613 652;687 909;725 172;709 076;698 827;773 573;107 347;262 587;435 982;597 417;797 120;121 903;270 259;437 738;588 971;834 317;105 551;249 149;418 887;562 111;818 448;109 863;255 418;420 648;573 582;845 243;127 439;277 023;452 795;595 818;848 774;188 115;409 883;656 288;942 030;977 155;182 244;437 683;737 303;971 355;1 000 585;181 596;452 905;773 846;1 032 928;1 080 487;214 592;499 829;841 450;1 120 769;1 124 152;205 788;215 449;500 471;735 215;661 129;182 304;438 342;664 189;874 019;1 082 734;212 757;574 313;961 739;1 363 831;1 262 918
    Приволжский федеральный округ;3 769 010;3 662 438;3 824 092;4 294 515;4 670 776;5 175 565;5 741 068;5 121 914;5 546 894;858 084;1 495 319;2 480 809;3 364 251;5 891 837;727 673;1 595 989;2 792 404;3 594 788;6 819 578;915 285;2 236 496;3 107 770;4 173 317;7 046 529;877 552;1 891 662;3 133 906;4 158 334;7 168 380;856 473;1 787 042;2 920 901;3 915 614;7 095 094;1 590 081;3 343 152;5 446 868;7 405 225;7 405 275;1 572 082;3 229 598;5 494 629;7 446 290;8 250 266;1 723 024;4 053 582;6 878 677;8 897 403;8 898 737;1 800 983;4 119 026;7 030 492;9 065 833;9 573 145;1 702 424;2 002 858;4 031 386;5 423 246;6 205 042;1 579 410;3 636 858;6 353 783;8 061 383;9 361 991;1 769 605;4 153 975;7 136 421;9 370 453;10 424 696
        Республика Башкортостан;559 718;552 430;540 200;642 220;685 266;717 816;927 993;689 945;762 397;125 078;255 509;423 444;571 954;720 552;113 678;256 181;407 428;588 012;876 242;112 216;231 298;368 880;539 233;914 504;115 313;226 732;373 800;538 469;863 607;99 225;203 963;359 808;478 546;891 507;199 551;427 416;683 896;916 114;1 028 254;253 365;472 544;740 292;1 079 667;1 123 083;244 750;515 837;843 017;1 099 722;1 169 066;276 819;612 188;976 550;1 203 738;1 284 825;255 312;309 541;532 412;697 584;893 776;247 833;557 677;905 011;1 207 452;1 393 719;285 243;574 813;937 389;1 305 443;1 399 482
        Республика Марий Эл;74 854;70 512;72 035;94 426;104 484;112 044;112 301;112 702;104 571;12 413;26 007;52 218;66 004;103 897;14 266;28 293;56 058;68 248;106 770;11 659;26 511;50 877;63 086;102 688;12 311;32 149;53 992;64 712;94 722;11 804;25 206;42 539;52 400;111 169;15 557;42 029;90 802;127 624;124 941;22 239;46 163;85 964;109 313;126 930;24 794;65 073;137 131;165 781;137 063;23 558;63 045;119 595;149 406;141 855;25 668;27 225;49 975;60 878;79 114;25 957;58 016;113 822;128 726;124 148;21 843;52 392;135 609;160 833;162 601
        Республика Мордовия;56 897;59 290;63 188;57 641;59 611;80 514;104 995;79 154;80 752;8 772;20 829;34 617;45 839;93 692;8 306;17 779;31 720;45 418;91 165;12 514;21 140;34 225;45 761;96 373;9 575;20 218;31 314;41 027;97 518;8 377;19 998;19 998;41 954;101 523;17 783;39 846;62 481;78 820;102 981;25 734;52 635;82 577;114 773;116 489;21 859;64 157;102 711;128 139;136 565;24 787;46 004;70 768;106 512;150 365;26 006;29 128;48 417;69 171;82 370;21 772;46 935;75 454;103 279;130 494;28 688;58 201;91 009;123 990;149 829
        Республика Татарстан (Татарстан);575 353;567 800;578 108;638 224;732 406;896 664;741 492;989 108;1 113 505;297 256;297 256;502 448;718 155;1 238 813;178 924;412 179;653 038;852 828;1 430 463;376 772;768 825;1 248 194;1 662 455;1 569 917;366 132;811 332;1 336 970;1 752 619;1 641 169;380 887;759 929;1 229 267;1 685 076;1 782 455;390 592;858 292;1 367 112;1 814 576;1 861 237;385 728;840 740;1 404 247;1 880 154;2 096 003;455 522;991 085;1 617 934;2 102 195;2 258 117;482 321;1 090 530;1 726 283;2 240 336;2 335 071;398 800;496 854;1 023 298;1 403 583;1 449 390;438 391;985 639;1 611 283;2 092 451;2 122 600;465 440;1 039 497;1 702 537;2 246 219;2 607 936
        Удмуртская Республика;117 530;127 498;124 843;187 858;209 550;228 935;214 895;279 794;291 509;49 559;95 603;140 180;192 105;288 503;39 315;75 021;119 401;157 870;276 946;39 592;73 528;127 138;164 551;293 375;38 212;78 682;129 184;178 924;300 912;31 652;64 842;100 541;135 638;264 997;60 231;121 250;187 132;252 590;266 957;82 606;142 530;218 911;304 662;284 580;77 099;160 373;269 167;378 384;358 867;79 277;162 043;270 637;370 381;410 075;75 232;87 692;180 829;250 183;270 789;61 183;145 665;236 954;306 202;383 774;95 244;212 141;356 025;471 621;460 428
        Чувашская Республика - Чувашия;180 928;166 516;174 885;175 767;183 575;211 276;291 834;214 901;258 787;29 803;76 739;131 664;175 723;258 791;38 988;73 219;100 312;131 422;263 407;30 610;67 735;91 533;122 293;246 566;24 198;56 172;91 173;125 623;264 049;22 766;48 499;77 214;98 041;237 083;54 190;117 904;190 769;259 458;268 743;53 568;110 643;177 426;237 926;279 365;72 395;163 644;257 794;315 600;274 661;55 681;127 256;221 313;285 664;305 615;80 234;83 827;125 548;201 027;188 580;37 466;97 124;177 030;226 727;313 244;59 031;144 699;279 530;342 760;341 575
        Пермский край;351 509;345 954;332 124;409 568;427 220;484 682;441 059;477 496;472 187;63 527;133 710;222 503;309 902;577 104;57 278;123 474;207 788;275 155;589 201;63 291;138 206;224 462;308 057;608 926;65 742;130 957;196 579;265 159;549 071;55 862;110 494;175 205;229 802;642 403;154 964;328 647;503 403;680 499;661 675;145 026;307 550;468 032;652 764;662 950;138 972;316 373;534 288;752 638;737 857;135 333;305 456;527 601;713 097;753 971;132 037;142 028;321 501;472 751;486 448;112 585;256 127;414 656;537 604;725 543;124 649;299 809;485 518;658 129;818 520
            Коми-Пермяцкий округ, входящий в состав Пермского края;8 920;8 224;7 407;0;0;0;;;;;;;;;;;;;;;;;;;;;;;;;;;;;;;;;;;;;;;;;;;;;;;;;;;;;;;;;;;;;;;
        Кировская область;240 322;213 346;210 490;231 755;272 759;270 347;245 907;239 224;230 176;43 163;80 630;124 227;170 987;243 189;42 401;81 286;125 612;173 439;250 413;39 835;76 098;114 711;155 787;247 381;39 408;75 006;113 601;151 580;251 072;33 390;62 933;96 855;134 621;248 904;74 731;135 951;201 696;272 155;299 698;70 616;136 336;217 333;295 991;285 380;71 015;133 403;207 167;283 811;310 897;75 348;159 449;269 415;357 660;318 523;69 586;77 686;136 915;178 107;213 864;48 067;112 893;192 714;248 916;333 292;75 047;153 308;255 397;350 211;367 737
        Нижегородская область;438 194;433 322;478 382;505 725;579 522;618 177;811 426;571 933;614 517;68 488;137 961;218 255;292 676;706 522;67 250;138 202;228 069;296 520;854 902;66 545;136 969;231 461;310 181;844 859;57 338;121 537;213 401;280 953;981 892;56 810;113 414;192 304;249 861;1 089 348;239 399;531 303;904 020;1 195 047;974 906;191 020;407 703;721 104;957 119;1 066 906;272 087;679 809;1 085 506;1 323 664;1 186 610;264 258;578 983;1 025 644;1 329 051;1 269 382;233 015;248 806;458 781;616 001;754 987;210 140;468 276;857 615;1 085 965;1 442 445;207 192;558 068;1 023 549;1 327 159;1 445 281
        Оренбургская область;282 727;267 944;286 498;314 263;308 607;333 618;405 089;325 983;446 540;41 072;84 460;129 082;169 962;437 709;37 200;87 874;139 936;197 069;539 668;38 778;75 786;114 774;147 966;594 868;31 118;63 213;100 721;132 153;532 418;24 664;48 161;77 030;99 401;372 745;72 463;154 901;254 326;368 092;341 286;71 209;154 299;259 937;350 517;370 995;76 948;183 707;326 631;425 652;373 446;66 319;176 235;325 422;397 511;407 783;70 950;75 419;131 841;180 027;237 744;61 060;129 814;241 000;291 385;338 278;59 487;136 179;243 654;350 926;378 476
        Пензенская область;100 640;90 995;95 841;123 387;105 934;122 253;125 671;124 544;126 654;18 255;43 455;72 129;95 599;147 700;22 071;42 825;64 695;85 405;155 964;16 789;35 296;57 903;78 324;163 919;15 949;31 645;54 337;74 627;162 426;17 195;33 401;51 452;67 900;136 853;24 174;50 085;77 206;108 971;200 503;27 526;60 565;101 319;150 347;215 232;29 470;69 601;128 631;172 603;208 315;44 287;97 179;179 456;280 949;295 266;49 581;54 206;109 310;151 749;195 288;41 966;90 435;161 378;183 665;243 353;45 767;129 432;224 343;275 281;294 320
        Самарская область;404 776;409 820;443 895;492 220;504 764;562 552;776 565;530 074;539 717;55 541;133 916;235 251;308 349;577 440;66 149;153 273;468 349;468 349;825 218;64 827;468 349;242 476;318 147;811 044;63 122;140 449;242 011;309 728;804 878;73 593;207 549;327 811;423 235;662 323;158 677;278 846;409 548;729 873;698 808;146 395;297 400;546 040;734 967;873 129;158 672;394 020;735 555;946 837;990 143;159 704;384 715;685 222;884 018;1 018 820;154 766;197 484;493 614;659 492;722 049;135 073;334 046;564 749;687 929;911 992;135 848;368 490;622 586;808 962;1 048 474
        Саратовская область;206 307;191 398;247 878;244 191;311 609;336 389;346 899;289 864;294 998;19 018;50 984;96 481;121 678;298 333;18 406;50 429;91 681;112 027;359 316;15 859;49 238;89 823;111 394;325 825;14 950;34 181;77 878;95 990;332 921;16 422;34 032;76 995;98 277;329 067;52 069;121 298;274 352;300 911;332 815;36 336;76 330;261 680;293 297;436 066;37 504;181 977;390 312;470 052;399 114;48 865;162 379;383 231;417 894;484 434;66 755;97 133;241 415;266 721;349 865;79 848;218 893;570 095;671 368;544 007;97 345;269 767;522 375;623 977;625 580
        Ульяновская область;179 255;165 613;175 725;177 270;185 469;200 298;194 942;197 192;210 584;26 139;58 260;98 310;125 318;199 592;23 441;55 954;98 317;143 026;199 903;25 998;67 517;111 313;146 082;226 284;24 184;69 389;118 945;146 770;291 725;23 826;54 621;93 882;120 862;224 717;75 700;135 384;240 125;300 495;242 471;60 714;124 160;209 767;284 793;313 158;41 937;134 523;242 833;332 325;358 016;64 426;153 564;249 355;329 616;397 160;64 482;75 829;177 530;215 972;280 778;58 069;135 318;232 022;289 714;355 102;68 781;157 179;256 900;324 942;324 457
    Уральский федеральный округ;2 027 617;2 018 938;2 212 086;2 453 012;2 675 936;2 884 070;3 435 359;2 729 357;2 761 671;325 706;598 041;1 170 516;1 587 269;2 981 302;387 538;841 072;1 382 391;1 845 982;3 446 404;419 087;882 453;1 677 774;1 900 872;3 459 342;384 842;781 340;1 233 343;1 608 705;3 321 781;339 115;708 576;1 109 147;1 453 715;3 212 244;701 529;1 561 274;2 622 469;3 461 265;3 552 669;759 854;1 488 491;2 394 871;3 211 632;3 810 877;888 006;1 901 304;3 141 701;4 295 260;4 212 135;951 058;1 933 286;3 179 243;4 469 121;4 445 120;958 331;1 076 143;1 768 910;2 333 053;2 846 367;867 913;1 796 773;2 942 269;3 875 568;4 230 042;940 070;2 147 925;3 715 622;5 048 276;4 721 152
        Курганская область;71 248;73 994;69 292;85 492;81 067;92 707;99 816;86 273;86 236;8 097;18 100;31 537;42 155;101 013;9 886;20 628;34 062;46 524;113 441;9 065;20 026;33 642;57 385;116 910;11 259;28 076;44 091;60 107;127 752;9 646;20 763;33 967;49 207;148 608;25 908;45 208;99 054;128 897;164 083;30 171;68 138;122 210;163 847;141 363;25 535;66 254;113 930;151 715;156 496;30 369;69 410;121 379;157 921;174 240;26 642;28 923;57 674;74 797;114 726;20 192;54 639;91 192;112 310;159 908;36 994;86 709;139 587;183 219;196 327
        Свердловская область;765 215;678 708;794 447;810 524;992 108;1 058 609;1 672 596;1 042 221;959 298;119 276;119 276;389 905;574 093;1 155 162;143 663;331 820;475 145;651 404;1 315 342;146 212;325 716;498 462;671 590;1 325 123;146 023;302 872;464 822;605 664;1 274 836;120 459;261 615;401 706;515 442;1 159 995;249 927;569 083;951 618;1 271 161;1 344 586;307 263;564 835;915 428;1 214 242;1 354 938;328 075;684 219;1 130 295;1 506 091;1 535 447;394 811;785 695;1 272 187;1 711 018;1 623 520;353 395;399 589;578 970;725 856;974 715;338 521;694 586;1 108 710;1 501 190;1 538 717;333 964;759 725;1 317 777;1 792 115;1 607 781
        Тюменская область;734 227;832 938;889 655;1 030 221;1 026 028;1 126 984;1 009 828;898 930;966 682;138 753;274 085;402 592;547 926;965 868;145 990;291 624;438 551;601 809;1 193 745;173 822;321 468;739 541;667 016;1 217 620;141 015;269 920;401 562;538 404;1 084 372;115 651;225 913;349 568;486 774;1 054 358;254 752;574 648;890 325;1 218 317;1 222 803;271 067;529 345;767 037;1 051 354;1 384 028;353 891;727 268;1 053 752;1 531 745;1 535 385;349 523;680 364;1 036 150;1 638 518;1 656 050;400 657;455 032;742 694;1 038 321;1 088 253;360 178;708 282;1 111 370;1 506 680;1 485 672;392 083;844 707;1 297 932;1 854 264;1 686 489
            Ханты-Мансийский автономный округ - Югра (Тюменская область);299 502;363 561;377 962;455 242;478 012;493 089;431 586;406 952;429 266;52 026;102 987;142 707;191 420;365 390;53 829;100 398;150 847;203 490;448 369;61 450;115 522;265 704;230 585;506 780;57 525;110 841;166 050;224 668;462 189;45 436;97 442;150 076;211 460;435 365;109 304;249 834;379 844;486 789;525 705;102 975;203 240;272 440;353 222;580 419;134 377;279 707;370 120;581 349;595 486;138 857;273 014;391 942;618 710;570 877;159 645;180 934;253 919;344 481;359 648;107 866;228 665;343 679;435 112;477 052;132 493;280 740;422 767;618 652;556 497
            Ямало-Ненецкий автономный округ (Тюменская область);102 280;111 770;121 652;115 946;110 252;127 299;137 361;99 883;99 159;15 829;32 879;53 030;71 693;108 261;18 440;42 036;61 349;86 866;164 698;34 420;60 615;92 204;132 702;146 307;13 280;29 088;43 324;58 662;116 262;10 753;22 139;35 932;50 954;158 887;27 135;62 368;108 894;147 344;139 718;35 498;56 288;75 227;100 009;156 157;33 946;85 342;115 328;162 029;163 501;45 068;83 121;136 746;201 484;208 076;59 647;65 995;124 140;184 425;158 070;37 982;79 382;118 739;175 559;189 246;48 113;136 713;203 240;287 414;220 105
            Тюменская область (без АО);;;;;;;;;;;;;;;;;;;;;;;;;;;;;;;;;;;;;;;;132 594;269 818;419 370;598 125;647 452;185 568;362 219;568 304;788 367;;;;;;;;;;;;;;;;;;;;;
            Тюменская область (кроме Ханты-Мансийского автономного округа-Югры и Ямало-Ненецкого автономного округа);;;;;;;;;;;;;;;;;;;580 678;;;;;564 533;;;;;505 921;59 462;106 332;163 560;224 360;460 106;118 313;262 446;401 587;584 184;557 380;132 594;269 818;419 370;598 125;647 452;185 568;362 219;568 304;788 367;776 398;165 598;324 229;507 462;818 324;877 097;181 365;208 103;364 635;509 415;570 535;214 330;400 235;648 952;896 009;819 374;211 477;427 254;671 925;948 198;909 887
        Челябинская область;456 927;433 298;458 692;526 775;576 733;605 770;653 119;701 933;749 455;59 580;186 580;346 482;423 095;759 259;87 999;197 000;434 633;546 245;823 876;89 988;215 243;406 129;504 881;799 689;86 545;180 472;322 868;404 530;834 821;93 359;200 285;323 906;402 292;849 283;170 942;372 335;681 472;842 890;821 197;151 353;326 173;590 196;782 189;930 548;180 505;423 563;843 724;1 105 709;984 807;176 355;397 817;749 527;961 664;991 310;177 637;192 599;389 572;494 079;668 673;149 022;339 266;630 997;755 388;1 045 745;177 029;456 784;960 326;1 218 678;1 230 555
    Сибирский федеральный округ;2 635 192;2 661 830;2 816 600;3 037 092;3 144 745;3 559 282;3 861 601;3 494 495;3 965 707;472 627;950 965;1 577 829;2 097 464;4 292 657;477 605;975 602;1 602 085;2 162 054;4 738 008;498 634;967 688;1 536 299;2 041 906;5 335 569;471 054;937 510;1 547 432;2 098 376;4 893 288;471 262;916 697;1 510 443;2 008 495;4 829 253;1 178 802;2 215 227;3 606 110;4 764 787;4 679 496;1 004 447;2 114 902;3 905 033;5 098 412;5 230 523;924 950;2 164 202;3 756 781;;;;;;;;;;;;;;;;;;;;;;
    Сибирский федеральный округ;;;;;;;;;;;;;;;;;;;;;;;;;;;;;;;;;;;;;;;;;;;;;;;;4 606 773;5 234 296;1 046 383;2 263 795;3 909 935;5 218 899;5 485 396;1 035 162;1 231 035;2 192 470;2 864 474;3 567 216;813 106;1 883 396;3 202 868;4 176 504;5 354 189;1 130 954;2 585 628;4 419 671;5 708 012;6 111 628
        Республика Алтай;49 129;49 853;77 912;79 588;99 923;126 571;295 630;184 569;86 714;3 132;8 402;17 215;23 629;138 545;3 208;8 311;15 792;19 254;146 374;3 442;8 757;20 703;24 011;146 374;3 454;9 091;21 591;26 166;135 979;3 549;12 280;26 305;29 095;183 033;14 996;93 079;214 614;265 267;208 844;27 242;98 612;180 987;232 119;164 579;8 238;16 939;100 515;122 225;200 002;13 169;57 564;155 525;194 528;227 362;23 098;26 032;111 865;147 202;149 639;22 509;65 898;154 780;177 798;279 309;29 702;101 438;207 314;234 664;345 697
        Республика Тыва;47 753;39 416;34 085;24 767;26 806;33 801;68 653;29 907;38 750;3 075;7 226;12 084;14 092;44 065;3 609;7 548;13 058;18 633;48 153;2 887;6 552;11 317;14 509;61 483;2 476;5 515;8 376;11 987;48 779;2 508;5 307;8 171;10 993;35 205;4 904;10 135;16 795;24 214;31 339;4 771;10 806;16 288;23 547;35 738;2 094;10 290;29 714;36 709;37 373;4 329;11 077;32 149;40 857;40 853;4 876;8 696;17 402;22 424;34 584;4 924;12 802;20 948;27 571;39 754;10 996;24 004;43 357;51 399;55 169
        Республика Хакасия;76 328;90 320;97 253;103 887;101 542;106 698;118 525;100 212;114 503;15 631;35 406;52 059;72 541;114 894;20 324;37 404;52 511;65 567;117 022;17 084;30 484;46 240;59 874;105 039;20 069;33 112;47 007;65 331;132 886;13 646;20 005;32 814;38 933;157 032;36 803;68 602;94 772;113 088;99 319;34 261;76 224;139 279;151 733;114 953;17 196;43 628;87 755;126 277;168 749;28 846;62 143;128 114;183 705;187 892;23 533;43 313;97 604;136 422;108 309;34 347;66 125;136 057;153 693;130 591;22 205;35 864;83 509;108 430;180 492
        Алтайский край;362 220;378 389;354 331;384 333;429 783;503 637;468 375;446 470;464 865;56 085;118 923;214 970;279 702;518 227;52 349;114 102;188 298;248 374;620 114;65 042;99 276;168 875;219 838;618 001;45 433;96 105;186 614;240 430;580 857;54 172;113 348;198 913;253 210;660 939;124 268;271 924;499 936;649 725;610 676;126 603;273 676;536 504;705 366;694 212;116 567;285 351;501 730;654 577;690 596;126 931;291 777;516 052;670 148;726 995;122 247;138 076;305 090;423 288;494 604;118 364;292 158;498 699;633 912;709 181;132 224;334 583;582 515;736 772;817 026
        Красноярский край;371 469;426 975;414 187;462 786;467 073;512 283;479 806;626 554;776 974;69 746;134 948;224 022;290 134;752 060;73 215;130 741;221 359;305 393;790 449;71 153;140 037;215 227;291 108;1 009 856;66 936;138 458;220 436;301 179;816 299;62 246;123 058;199 665;301 623;644 170;188 904;360 550;551 333;733 237;672 620;158 558;336 882;570 432;743 426;644 818;142 472;295 201;471 745;641 428;771 444;178 400;342 826;569 771;757 064;861 541;161 593;212 786;358 831;484 716;537 990;133 406;295 162;490 356;650 195;897 878;187 828;434 002;734 724;962 466;1 079 508
            Таймырский (Долгано-Ненецкий) автономный округ (Красноярский край);5 932;6 702;6 601;8 217;7 192;0;;;;;;;;;;;;;;;;;;;;;;;;;;;;;;;;;;;;;;;;;;;;;;;;;;;;;;;;;;;;;;;
            Эвенкийский автономный округ (Красноярский край);1 456;1 972;1 758;1 390;1 317;0;;;;;;;;;;;;;;;;;;;;;;;;;;;;;;;;;;;;;;;;;;;;;;;;;;;;;;;;;;;;;;;
        Иркутская область;362 636;352 550;398 824;430 367;428 059;525 440;671 549;499 535;614 441;79 007;138 431;226 749;303 390;671 145;85 937;159 872;258 325;351 329;755 524;83 139;171 779;264 008;351 721;897 336;100 669;176 546;280 752;366 585;901 737;88 185;169 058;276 284;355 084;973 473;239 969;419 993;716 834;1 019 151;724 964;200 883;352 210;552 056;709 342;817 117;161 828;326 203;573 454;735 862;933 430;208 507;394 187;688 372;905 202;1 009 399;221 817;236 252;513 332;578 037;609 626;116 721;232 420;388 375;502 659;878 386;245 426;471 356;794 898;1 052 909;923 719
            Усть-Ордынский Бурятский округ;2 939;3 145;3 514;3 232;2 688;3 057;;;;;;;;;;;;;;;;;;;;;;;;;;;;;;;;;;;;;;;;;;;;;;;;;;;;;;;;;;;;;;;
        Кемеровская область - Кузбасс;288 277;248 029;288 363;274 730;317 012;315 114;299 120;244 974;329 864;64 026;124 363;173 200;236 771;360 751;38 384;80 542;129 241;182 850;369 486;64 130;109 896;148 498;192 942;377 221;41 422;74 894;115 058;166 707;328 727;43 858;77 887;113 269;149 698;486 422;103 994;222 336;337 381;439 045;439 674;111 510;218 637;344 882;444 578;554 050;136 798;221 094;332 303;554 040;586 179;146 085;282 732;454 664;604 605;586 681;144 002;161 104;193 166;292 350;387 295;127 626;259 215;409 733;565 837;682 983;189 894;364 019;549 486;725 860;671 363
        Новосибирская область;417 416;414 523;424 404;444 460;450 907;446 631;422 771;390 183;462 156;61 669;144 841;244 806;328 665;515 810;76 947;182 614;301 340;405 349;549 930;89 571;185 088;295 020;407 866;741 528;95 567;201 933;324 976;441 703;677 074;101 681;200 216;316 849;432 068;559 605;106 005;186 490;322 495;468 127;783 537;132 659;242 076;683 299;927 862;876 663;169 712;433 716;681 693;981 992;1 059 702;208 760;479 737;811 194;1 121 787;1 115 033;205 296;254 311;392 199;538 057;789 439;192 518;442 087;734 599;911 702;1 078 435;182 518;502 029;866 276;1 073 513;1 301 338
        Омская область;174 379;193 010;225 853;301 341;296 804;352 829;333 130;351 434;450 643;54 068;90 967;147 457;197 989;448 245;51 108;93 127;134 229;177 056;544 361;37 564;74 117;111 312;150 154;569 262;38 611;72 487;111 444;153 931;582 642;47 858;84 018;117 483;151 987;489 198;268 437;368 182;487 769;592 005;354 898;105 011;222 296;339 642;460 487;511 139;73 111;219 120;365 130;496 314;543 555;89 284;240 708;392 132;517 099;502 264;83 929;98 735;140 935;167 535;332 043;45 314;171 725;286 164;439 416;454 407;86 225;196 906;334 527;468 471;521 264
        Томская область;140 132;135 975;147 052;162 228;186 634;188 414;238 775;178 445;164 825;16 380;35 565;54 817;72 685;160 531;15 495;34 872;47 918;61 069;161 530;12 105;29 485;43 361;58 347;162 012;12 635;27 513;41 135;82 188;135 589;14 253;26 467;44 889;58 366;109 751;32 619;70 801;115 631;141 506;218 018;18 242;52 718;88 172;111 660;218 279;24 855;84 579;164 340;257 349;243 266;42 072;101 044;161 962;223 904;227 376;44 771;51 730;62 046;74 443;123 687;17 377;45 804;83 157;113 721;203 265;43 936;121 427;223 065;293 528;216 052
    Дальневосточный федеральный округ;1 374 143;1 323 247;1 450 926;1 464 371;1 532 358;1 631 125;1 914 148;1 911 541;2 176 221;220 289;466 307;853 135;1 162 342;2 242 204;240 127;507 426;861 877;1 143 813;2 351 801;200 465;425 638;697 782;938 416;2 144 827;169 022;369 735;610 722;820 892;2 078 708;171 098;394 521;666 927;865 638;2 284 414;418 016;952 574;1 741 530;2 342 596;2 402 341;499 314;1 064 001;1 853 517;2 377 268;2 720 617;513 236;1 263 287;2 156 665;;;;;;;;;;;;;;;;;;;;;;
    Дальневосточный федеральный округ;;;;;;;;;;;;;;;;;;;;;;;;;;;;;;;;;;;;;;;;;;;;;;;;3 489 851;3 336 701;650 497;1 522 502;2 549 799;3 305 189;3 754 476;555 860;681 467;1 351 104;1 903 992;2 332 665;420 862;1 050 480;1 990 637;2 532 278;3 218 250;545 029;1 313 598;2 491 178;3 134 091;3 533 251
        Республика Бурятия;176 437;163 575;158 027;171 525;157 849;253 849;280 863;247 435;261 550;18 591;41 508;89 272;119 867;320 244;19 736;45 810;97 158;137 420;392 631;16 251;38 836;86 693;104 142;402 101;12 738;33 368;74 880;91 248;331 214;14 576;33 734;77 117;99 206;325 315;36 577;98 389;161 438;205 612;334 488;54 209;139 754;302 784;373 333;389 890;47 186;149 860;302 793;391 017;371 259;44 812;119 217;316 462;405 981;407 391;54 506;55 868;185 033;217 167;278 236;44 715;99 979;252 639;287 642;412 258;72 202;210 783;493 438;581 860;490 498
        Забайкальский край;169 016;169 215;196 309;197 080;182 353;194 015;184 404;194 777;200 422;31 217;70 385;121 178;157 999;248 140;37 293;80 659;142 856;189 760;242 434;36 266;73 381;125 045;167 394;245 356;31 044;68 488;115 163;150 921;221 505;24 730;51 319;98 684;128 232;205 110;21 326;44 746;87 112;113 810;201 119;30 498;91 011;150 708;214 959;209 085;24 893;78 221;145 609;190 731;222 108;46 995;122 840;176 581;224 992;258 081;41 326;45 751;123 081;156 702;201 730;25 572;83 964;160 202;220 378;277 364;47 165;122 493;196 705;275 570;318 230
            Агинский Бурятский округ (Забайкальский край);8 970;8 181;10 701;10 998;13 032;15 826;;;;;;;;;;;;;;;;;;;;;;;;;;;;;;;;;;;;;;;;;;;;;;;;;;;;;;;;;;;;;;;
        Республика Саха (Якутия);135 175;124 427;112 393;128 378;120 079;121 690;135 312;137 740;132 287;21 576;51 391;83 458;111 601;142 824;24 927;52 168;81 159;114 334;152 166;23 343;50 311;79 600;107 415;149 563;22 678;48 363;73 346;101 942;147 434;22 301;49 173;77 864;102 249;190 770;33 206;78 903;135 975;182 807;178 440;33 903;68 811;112 993;146 637;190 812;48 791;88 136;134 869;173 847;196 651;50 952;81 260;123 434;196 324;201 496;29 081;40 974;57 063;75 118;114 510;28 202;59 435;93 125;129 022;190 504;40 434;88 401;123 217;181 374;212 456
        Камчатский край;64 925;61 240;71 930;65 499;93 796;91 592;136 314;97 602;105 246;6 373;15 376;26 240;35 267;102 292;6 136;15 066;29 901;37 610;119 536;6 582;13 806;21 116;25 146;146 626;4 164;8 457;14 392;18 721;152 150;3 177;8 014;15 726;19 960;132 759;25 379;58 250;106 708;150 091;118 320;24 211;50 754;95 806;119 477;148 212;27 447;59 124;105 772;144 348;161 483;27 553;66 879;125 968;159 311;165 430;23 575;30 556;48 347;66 382;116 850;27 639;61 449;105 805;158 186;143 570;64 163;137 903;272 082;341 146;180 427
            Корякский округ, входящий в состав Камчатского края;2 483;3 957;4 375;2 412;3 189;0;;;;;;;;;;;;;;;;;;;;;;;;;;;;;;;;;;;;;;;;;;;;;;;;;;;;;;;;;;;;;;;
        Приморский край;515 905;441 674;500 675;495 104;543 047;541 185;608 834;726 804;914 043;68 843;131 052;301 765;399 854;882 212;81 351;175 002;315 378;419 090;924 447;55 952;135 331;239 579;303 342;741 402;51 410;119 958;213 091;283 267;752 119;60 425;163 312;292 905;366 427;958 994;146 913;395 610;817 773;1 088 140;895 328;174 646;395 380;794 909;1 031 342;1 063 758;194 565;555 443;982 138;1 337 055;1 108 478;218 768;533 871;887 521;1 112 030;1 328 160;183 080;192 015;419 591;597 825;631 882;132 627;309 293;642 984;758 221;1 018 326;131 829;308 269;673 790;785 185;1 117 152
        Хабаровский край;306 004;309 605;367 739;364 157;379 168;357 017;489 851;416 940;474 043;49 372;104 356;163 809;221 280;474 114;50 296;103 547;165 076;215 841;503 856;44 835;91 848;139 868;187 459;496 338;38 244;78 058;125 154;166 840;487 816;33 821;67 982;105 744;140 162;490 071;95 588;218 569;357 362;462 229;584 033;101 962;289 271;489 482;634 028;584 857;116 626;265 370;435 453;584 726;596 815;117 208;291 399;439 732;572 178;645 993;114 859;151 963;220 545;287 827;432 474;53 721;188 501;328 081;443 284;509 280;73 015;194 599;320 731;411 584;536 130
        Амурская область;178 401;201 432;217 519;211 389;164 435;250 244;255 694;243 896;263 465;39 225;82 742;140 805;189 469;323 739;42 597;89 378;145 458;190 663;327 614;37 250;68 156;102 348;136 602;306 653;21 670;46 458;72 546;99 598;287 663;21 492;44 194;73 954;96 930;239 916;56 229;91 581;148 870;179 642;319 561;66 025;106 580;134 947;165 208;358 268;59 751;139 336;230 704;318 109;347 075;75 247;161 911;250 384;311 171;364 072;35 128;39 672;90 299;204 289;257 366;42 461;110 709;171 087;219 762;300 914;45 916;105 433;170 287;234 865;319 483
        Магаданская область;31 415;31 703;34 701;35 366;39 810;48 821;42 394;46 608;48 599;7 347;18 376;27 565;35 770;53 441;7 464;16 000;29 735;39 281;66 772;7 522;16 880;25 950;33 972;65 899;6 168;14 514;23 234;30 903;61 992;6 941;14 131;22 489;33 321;64 949;13 253;22 657;45 833;64 752;72 770;14 400;31 301;48 202;66 407;65 745;15 544;39 941;55 484;73 681;59 434;15 191;28 895;41 927;56 731;70 033;16 799;21 571;28 905;35 432;62 562;11 555;19 938;29 273;37 972;87 023;20 914;40 394;59 989;80 312;74 958
        Сахалинская область;109 255;101 269;90 582;99 343;145 028;163 453;187 852;185 065;182 900;18 524;41 943;78 707;115 381;209 862;17 963;37 218;59 367;74 232;204 316;15 900;28 669;45 768;79 889;187 080;15 260;33 304;57 285;79 520;157 347;16 703;33 865;54 411;70 931;166 321;41 970;72 680;104 221;181 414;188 901;75 876;105 507;152 284;181 604;261 179;41 875;95 226;178 004;229 809;217 636;42 367;92 183;147 674;206 418;247 892;47 619;91 676;156 961;230 560;194 811;44 296;93 393;170 795;231 520;211 548;36 100;72 051;125 555;167 670;224 769
        Еврейская автономная область;26 144;28 816;30 244;38 553;30 343;27 816;31 840;32 736;32 135;6 411;13 235;21 818;32 049;32 049;5 587;9 372;19 561;25 582;25 914;4 504;9 664;24 463;37 374;23 880;5 086;10 593;17 469;22 360;22 685;4 798;9 965;17 156;26 026;31 002;4 004;10 433;17 823;24 063;32 050;5 728;10 590;15 694;20 720;29 864;4 904;12 143;20 807;28 503;40 995;7 476;15 846;27 308;41 232;38 090;6 130;7 304;13 929;20 960;26 532;5 850;14 174;21 153;25 287;36 235;5 646;14 833;25 765;34 331;37 365
        Чукотский автономный округ;6 919;23 081;25 143;26 582;16 652;29 307;26 057;24 150;23 503;2 618;7 836;8 968;21 671;21 671;3 806;9 675;16 242;27 180;27 180;4 577;10 973;19 090;27 217;27 386;4 342;10 030;14 205;17 741;9 502;1 440;3 885;6 678;9 632;9 632;1 474;3 891;6 965;9 458;12 938;2 563;5 807;9 200;11 845;17 922;3 733;8 568;13 434;18 025;14 767;3 928;8 201;12 808;18 821;27 838;3 757;4 117;7 350;11 730;15 712;4 224;9 645;15 493;21 004;31 228;7 645;18 439;29 619;40 194;21 783
    Крымский федеральный округ;;;;;;;;;;;;;;;;;;;;;;;;;;;;;522 015;65 317;265 775;845 839;954 864;1 926 970;101 728;549 940;;;;;;;;;;;;;;;;;;;;;;;;;;;;;;;;;
